Workbook

Sheet 250618_coverm_sum_mec_DNA_95_co
A1: Sample | B1: Genome | C1: Mean | D1: Trimmed Mean | E1: Covered Bases | F1: Variance | G1: Length | H1: Count | I1: Reads_per_base | J1: RPKM_DNA | K1: TPM | L1: SampleID | M1: Total_DNA_reads | N1: NEC_onset2 | O1: NEC_status | P1: DOL | Q1: Days_before_NEC_onset | R1: Patient | S1: norm_DNA_tpmean | T1: Phage | U1: 9ImpVir
A2: 116_01267_53_116-01_1 | B2: 116_01267_53 | C2: 0 | D2: 0 | E2: 0 | F2: 0 | G2: 711 | H2: 0 | I2: 0 | J2: 0 | K2: 0 | L2: 116-01_1 | M2: 6635730 | N2: Late | O2: case | P2: 23 | Q2: 25 | R2: 116-01 | S2: =D2/M2*1000000000 -> 0 | T2: 116_01267 | U2: =VLOOKUP(T2,Sheet2!$A$2:$B$622,2,FALSE) -> Yes
A3: 116_01267_53_116-01_2 | B3: 116_01267_53 | C3: 0 | D3: 0 | E3: 0 | F3: 0 | G3: 711 | H3: 0 | I3: 0 | J3: 0 | K3: 0 | L3: 116-01_2 | M3: 7324292 | N3: Late | O3: case | P3: 27 | Q3: 21 | R3: 116-01 | S3: =D3/M3*1000000000 -> 0 | T3: 116_01267 | U3: =VLOOKUP(T3,Sheet2!$A$2:$B$622,2,FALSE) -> Yes
A4: 116_01267_53_116-01_3 | B4: 116_01267_53 | C4: 0 | D4: 0 | E4: 0 | F4: 0 | G4: 711 | H4: 0 | I4: 0 | J4: 0 | K4: 0 | L4: 116-01_3 | M4: 11047380 | N4: Late | O4: case | P4: 28 | Q4: 20 | R4: 116-01 | S4: =D4/M4*1000000000 -> 0 | T4: 116_01267 | U4: =VLOOKUP(T4,Sheet2!$A$2:$B$622,2,FALSE) -> Yes
A5: 116_01267_53_116-01_4 | B5: 116_01267_53 | C5: 0 | D5: 0 | E5: 0 | F5: 0 | G5: 711 | H5: 0 | I5: 0 | J5: 0 | K5: 0 | L5: 116-01_4 | M5: 6314202 | N5: Late | O5: case | P5: 30 | Q5: 18 | R5: 116-01 | S5: =D5/M5*1000000000 -> 0 | T5: 116_01267 | U5: =VLOOKUP(T5,Sheet2!$A$2:$B$622,2,FALSE) -> Yes
A6: 116_01267_53_116-01_5 | B6: 116_01267_53 | C6: 0 | D6: 0 | E6: 0 | F6: 0 | G6: 711 | H6: 0 | I6: 0 | J6: 0 | K6: 0 | L6: 116-01_5 | M6: 9132466 | N6: Late | O6: case | P6: 32 | Q6: 16 | R6: 116-01 | S6: =D6/M6*1000000000 -> 0 | T6: 116_01267 | U6: =VLOOKUP(T6,Sheet2!$A$2:$B$622,2,FALSE) -> Yes
A7: 116_01267_53_116-01_6 | B7: 116_01267_53 | C7: 0 | D7: 0 | E7: 0 | F7: 0 | G7: 711 | H7: 0 | I7: 0 | J7: 0 | K7: 0 | L7: 116-01_6 | M7: 9084570 | N7: Late | O7: case | P7: 34 | Q7: 14 | R7: 116-01 | S7: =D7/M7*1000000000 -> 0 | T7: 116_01267 | U7: =VLOOKUP(T7,Sheet2!$A$2:$B$622,2,FALSE) -> Yes
A8: 116_01267_53_116-01_7 | B8: 116_01267_53 | C8: 9.431373 | D8: 9.281188 | E8: 701 | F8: 21.892157 | G8: 711 | H8: 43 | I8: 0.0604782 | J8: 1406469.8 | K8: 1000000 | L8: 116-01_7 | M8: 11748018 | N8: Late | O8: case | P8: 35 | Q8: 13 | R8: 116-01 | S8: =D8/M8*1000000000 -> 790.0216 | T8: 116_01267 | U8: =VLOOKUP(T8,Sheet2!$A$2:$B$622,2,FALSE) -> Yes
A9: 116_01267_53_116-01_8 | B9: 116_01267_53 | C9: 192.42245 | D9: 194.01782 | E9: 711 | F9: 768.64465 | G9: 711 | H9: 904 | I9: 1.2714486 | J9: 1406469.6 | K9: 1000000 | L9: 116-01_8 | M9: 16649350 | N9: Late | O9: case | P9: 38 | Q9: 10 | R9: 116-01 | S9: =D9/M9*1000000000 -> 11653.177 | T9: 116_01267 | U9: =VLOOKUP(T9,Sheet2!$A$2:$B$622,2,FALSE) -> Yes
A10: 116_01267_53_116-01_9 | B10: 116_01267_53 | C10: 19.43672 | D10: 19.639605 | E10: 697 | F10: 11.900007 | G10: 711 | H10: 94 | I10: 0.13220815 | J10: 1406469.8 | K10: 1000000 | L10: 116-01_9 | M10: 11562392 | N10: Late | O10: case | P10: 39 | Q10: 9 | R10: 116-01 | S10: =D10/M10*1000000000 -> 1698.5763 | T10: 116_01267 | U10: =VLOOKUP(T10,Sheet2!$A$2:$B$622,2,FALSE) -> Yes
A11: 116_01267_53_116-01_10 | B11: 116_01267_53 | C11: 20.253119 | D11: 20.20396 | E11: 691 | F11: 17.621532 | G11: 711 | H11: 92 | I11: 0.12939522 | J11: 1406469.9 | K11: 1000000 | L11: 116-01_10 | M11: 10512310 | N11: Late | O11: case | P11: 40 | Q11: 8 | R11: 116-01 | S11: =D11/M11*1000000000 -> 1921.9334 | T11: 116_01267 | U11: =VLOOKUP(T11,Sheet2!$A$2:$B$622,2,FALSE) -> Yes
A12: 116_01267_53_116-01_11 | B12: 116_01267_53 | C12: 39.40998 | D12: 39.681187 | E12: 701 | F12: 128.9745 | G12: 711 | H12: 182 | I12: 0.25597748 | J12: 1406469.8 | K12: 1000000 | L12: 116-01_11 | M12: 9681008 | N12: Late | O12: case | P12: 41 | Q12: 7 | R12: 116-01 | S12: =D12/M12*1000000000 -> 4098.8694 | T12: 116_01267 | U12: =VLOOKUP(T12,Sheet2!$A$2:$B$622,2,FALSE) -> Yes
A13: 116_01267_53_116-01_12 | B13: 116_01267_53 | C13: 18.900179 | D13: 19.021782 | E13: 698 | F13: 9.315018 | G13: 711 | H13: 90 | I13: 0.12658228 | J13: 1406469.8 | K13: 1000000 | L13: 116-01_12 | M13: 12801140 | N13: Late | O13: case | P13: 44 | Q13: 4 | R13: 116-01 | S13: =D13/M13*1000000000 -> 1485.9444 | T13: 116_01267 | U13: =VLOOKUP(T13,Sheet2!$A$2:$B$622,2,FALSE) -> Yes
... A131: 352_0185_3_352-01_20 | B131: 352_0185_3 | C131: 1.5401235 | D131: 1.5119863 | E131: 392 | F131: 1.8840135 | G131: 798 | H131: 8 | I131: 0.010025063 | J131: 1253132.9 | K131: 1000000 | L131: 352-01_20 | M131: 14601176 | N131: Late | O131: control | P131: 55 | Q131: 1 | R131: 352-01 | S131: =D131/M131*1000000000 -> 103.55236 | T131: 352_0185 | U131: =VLOOKUP(T131,Sheet2!$A$2:$B$622,2,FALSE) -> Yes
A132: S101C267_01765_vs01_1_267-01_5 | B132: S101C267_01765_vs01_1 | C132: 0 | D132: 0 | E132: 0 | F132: 0 | G132: 711 | H132: 0 | I132: 0 | J132: 0 | K132: 0 | L132: 267-01_5 | M132: 10754064 | N132: Late | O132: control | P132: 13 | Q132: 38 | R132: 267-01 | S132: =D132/M132*1000000000 -> 0 | T132: S101C267_01765_vs01 | U132: No
A133: S101C267_01765_vs01_1_267-01_6 | B133: S101C267_01765_vs01_1 | C133: 0 | D133: 0 | E133: 0 | F133: 0 | G133: 711 | H133: 0 | I133: 0 | J133: 0 | K133: 0 | L133: 267-01_6 | M133: 6814474 | N133: Late | O133: control | P133: 15 | Q133: 36 | R133: 267-01 | S133: =D133/M133*1000000000 -> 0 | T133: S101C267_01765_vs01 | U133: No
A134: S101C267_01765_vs01_1_267_01_7 | B134: S101C267_01765_vs01_1 | C134: 0 | D134: 0 | E134: 0 | F134: 0 | G134: 711 | H134: 0 | I134: 0 | J134: 0 | K134: 0 | L134: 267_01_7 | M134: 5457390 | N134: Late | O134: control | P134: 16 | Q134: 35 | R134: 267-01 | S134: =D134/M134*1000000000 -> 0 | T134: S101C267_01765_vs01 | U134: No
A135: S101C267_01765_vs01_1_267-01_8 | B135: S101C267_01765_vs01_1 | C135: 0 | D135: 0 | E135: 0 | F135: 0 | G135: 711 | H135: 0 | I135: 0 | J135: 0 | K135: 0 | L135: 267-01_8 | M135: 11326012 | N135: Late | O135: control | P135: 17 | Q135: 34 | R135: 267-01 | S135: =D135/M135*1000000000 -> 0 | T135: S101C267_01765_vs01 | U135: No
A136: S101C267_01765_vs01_1_267_01_9 | B136: S101C267_01765_vs01_1 | C136: 0 | D136: 0 | E136: 0 | F136: 0 | G136: 711 | H136: 0 | I136: 0 | J136: 0 | K136: 0 | L136: 267_01_9 | M136: 5739310 | N136: Late | O136: control | P136: 21 | Q136: 30 | R136: 267-01 | S136: =D136/M136*1000000000 -> 0 | T136: S101C267_01765_vs01 | U136: No
A137: S101C267_01765_vs01_1_267-01_10 | B137: S101C267_01765_vs01_1 | C137: 0 | D137: 0 | E137: 0 | F137: 0 | G137: 711 | H137: 0 | I137: 0 | J137: 0 | K137: 0 | L137: 267-01_10 | M137: 5439410 | N137: Late | O137: control | P137: 24 | Q137: 27 | R137: 267-01 | S137: =D137/M137*1000000000 -> 0 | T137: S101C267_01765_vs01 | U137: No
A138: S101C267_01765_vs01_1_267_01_11 | B138: S101C267_01765_vs01_1 | C138: 0 | D138: 0 | E138: 0 | F138: 0 | G138: 711 | H138: 0 | I138: 0 | J138: 0 | K138: 0 | L138: 267_01_11 | M138: 5915800 | N138: Late | O138: control | P138: 25 | Q138: 26 | R138: 267-01 | S138: =D138/M138*1000000000 -> 0 | T138: S101C267_01765_vs01 | U138: No
A139: S101C267_01765_vs01_1_267-01_13 | B139: S101C267_01765_vs01_1 | C139: 0 | D139: 0 | E139: 0 | F139: 0 | G139: 711 | H139: 0 | I139: 0 | J139: 0 | K139: 0 | L139: 267-01_13 | M139: 5058062 | N139: Late | O139: control | P139: 28 | Q139: 23 | R139: 267-01 | S139: =D139/M139*1000000000 -> 0 | T139: S101C267_01765_vs01 | U139: No
A140: S101C267_01765_vs01_1_267-01_1 | B140: S101C267_01765_vs01_1 | C140: 0 | D140: 0 | E140: 0 | F140: 0 | G140: 711 | H140: 0 | I140: 0 | J140: 0 | K140: 0 | L140: 267-01_1 | M140: 9329134 | N140: Late | O140: control | P140: 29 | Q140: 22 | R140: 267-01 | S140: =D140/M140*1000000000 -> 0 | T140: S101C267_01765_vs01 | U140: No
A141: S101C267_01765_vs01_1_267-01_2 | B141: S101C267_01765_vs01_1 | C141: 0 | D141: 0 | E141: 0 | F141: 0 | G141: 711 | H141: 0 | I141: 0 | J141: 0 | K141: 0 | L141: 267-01_2 | M141: 15491080 | N141: Late | O141: control | P141: 30 | Q141: 21 | R141: 267-01 | S141: =D141/M141*1000000000 -> 0 | T141: S101C267_01765_vs01 | U141: No
A142: S101C267_01765_vs01_1_267-01_14 | B142: S101C267_01765_vs01_1 | C142: 0 | D142: 0 | E142: 0 | F142: 0 | G142: 711 | H142: 0 | I142: 0 | J142: 0 | K142: 0 | L142: 267-01_14 | M142: 6180372 | N142: Late | O142: control | P142: 31 | Q142: 20 | R142: 267-01 | S142: =D142/M142*1000000000 -> 0 | T142: S101C267_01765_vs01 | U142: No
A143: S101C267_01765_vs01_1_267_01_15 | B143: S101C267_01765_vs01_1 | C143: 0 | D143: 0 | E143: 0 | F143: 0 | G143: 711 | H143: 0 | I143: 0 | J143: 0 | K143: 0 | L143: 267_01_15 | M143: 5494180 | N143: Late | O143: control | P143: 32 | Q143: 19 | R143: 267-01 | S143: =D143/M143*1000000000 -> 0 | T143: S101C267_01765_vs01 | U143: No
... A266: S102C271_013411_vs01_7_271-01_24 | B266: S102C271_013411_vs01_7 | C266: 12.735816 | D266: 12.698819 | E266: 709 | F266: 28.684967 | G266: 714 | H266: 67 | I266: 0.09383754 | J266: 1400560.3 | K266: 1000000 | L266: 271-01_24 | M266: 11460184 | N266: Late | O266: control | P266: 46 | Q266: 2 | R266: 271-01 | S266: =D266/M266*1000000000 -> 1108.0816 | T266: S102C271_013411_vs01 | U266: No
A267: S105C280_017_vs01_32_280-01_5 | B267: S105C280_017_vs01_32 | C267: 83.95544 | D267: 85.518814 | E267: 698 | F267: 212.7605 | G267: 711 | H267: 398 | I267: 0.55977494 | J267: 1406469.8 | K267: 1000000 | L267: 280-01_5 | M267: 10952454 | N267: Early | O267: case | P267: 9 | Q267: 4 | R267: 280-01 | S267: =D267/M267*1000000000 -> 7808.1875 | T267: S105C280_017_vs01 | U267: =VLOOKUP(T267,Sheet2!$A$2:$B$622,2,FALSE) -> Yes
A268: S105C280_017_vs01_32_280-01_6 | B268: S105C280_017_vs01_32 | C268: 70.68984 | D268: 71.53664 | E268: 711 | F268: 228.45012 | G268: 711 | H268: 328 | I268: 0.46132207 | J268: 1406469.9 | K268: 1000000 | L268: 280-01_6 | M268: 4597910 | N268: Early | O268: case | P268: 10 | Q268: 3 | R268: 280-01 | S268: =D268/M268*1000000000 -> 15558.512 | T268: S105C280_017_vs01 | U268: =VLOOKUP(T268,Sheet2!$A$2:$B$622,2,FALSE) -> Yes
A269: S105C280_017_vs01_32_280-01_7 | B269: S105C280_017_vs01_32 | C269: 176.15686 | D269: 178.77426 | E269: 706 | F269: 491.9326 | G269: 711 | H269: 804 | I269: 1.1308017 | J269: 1406469.8 | K269: 1000000 | L269: 280-01_7 | M269: 13801284 | N269: Early | O269: case | P269: 11 | Q269: 2 | R269: 280-01 | S269: =D269/M269*1000000000 -> 12953.451 | T269: S105C280_017_vs01 | U269: =VLOOKUP(T269,Sheet2!$A$2:$B$622,2,FALSE) -> Yes
A270: S105C280_017_vs01_32_280-01_8 | B270: S105C280_017_vs01_32 | C270: 103.70232 | D270: 104.31881 | E270: 711 | F270: 389.0309 | G270: 711 | H270: 539 | I270: 0.7580872 | J270: 1406469.9 | K270: 1000000 | L270: 280-01_8 | M270: 5748320 | N270: Early | O270: case | P270: 12 | Q270: 1 | R270: 280-01 | S270: =D270/M270*1000000000 -> 18147.704 | T270: S105C280_017_vs01 | U270: =VLOOKUP(T270,Sheet2!$A$2:$B$622,2,FALSE) -> Yes
A271: S105C280_017_vs01_32_280-01_9 | B271: S105C280_017_vs01_32 | C271: 152.25134 | D271: 152.45941 | E271: 711 | F271: 256.45993 | G271: 711 | H271: 702 | I271: 0.98734176 | J271: 1406469.8 | K271: 1000000 | L271: 280-01_9 | M271: 9397950 | N271: Early | O271: case | P271: 13 | Q271: 0 | R271: 280-01 | S271: =D271/M271*1000000000 -> 16222.624 | T271: S105C280_017_vs01 | U271: =VLOOKUP(T271,Sheet2!$A$2:$B$622,2,FALSE) -> Yes
A272: S106C282_01216_vs01_49_282-01_1 | B272: S106C282_01216_vs01_49 | C272: 0 | D272: 0 | E272: 0 | F272: 0 | G272: 711 | H272: 0 | I272: 0 | J272: 0 | K272: 0 | L272: 282-01_1 | M272: 12732898 | N272: Early | O272: control | P272: 1 | Q272: 19 | R272: 282-01 | S272: =D272/M272*1000000000 -> 0 | T272: S106C282_01216_vs01 | U272: =VLOOKUP(T272,Sheet2!$A$2:$B$622,2,FALSE) -> Yes
A273: S106C282_01216_vs01_49_282-01_2 | B273: S106C282_01216_vs01_49 | C273: 0 | D273: 0 | E273: 0 | F273: 0 | G273: 711 | H273: 0 | I273: 0 | J273: 0 | K273: 0 | L273: 282-01_2 | M273: 9063052 | N273: Early | O273: control | P273: 8 | Q273: 12 | R273: 282-01 | S273: =D273/M273*1000000000 -> 0 | T273: S106C282_01216_vs01 | U273: =VLOOKUP(T273,Sheet2!$A$2:$B$622,2,FALSE) -> Yes
A274: S106C282_01216_vs01_49_282-01_3 | B274: S106C282_01216_vs01_49 | C274: 0 | D274: 0 | E274: 0 | F274: 0 | G274: 711 | H274: 0 | I274: 0 | J274: 0 | K274: 0 | L274: 282-01_3 | M274: 11133458 | N274: Early | O274: control | P274: 9 | Q274: 11 | R274: 282-01 | S274: =D274/M274*1000000000 -> 0 | T274: S106C282_01216_vs01 | U274: =VLOOKUP(T274,Sheet2!$A$2:$B$622,2,FALSE) -> Yes
A275: S106C282_01216_vs01_49_282-01_4 | B275: S106C282_01216_vs01_49 | C275: 0 | D275: 0 | E275: 0 | F275: 0 | G275: 711 | H275: 0 | I275: 0 | J275: 0 | K275: 0 | L275: 282-01_4 | M275: 12151782 | N275: Early | O275: control | P275: 10 | Q275: 10 | R275: 282-01 | S275: =D275/M275*1000000000 -> 0 | T275: S106C282_01216_vs01 | U275: =VLOOKUP(T275,Sheet2!$A$2:$B$622,2,FALSE) -> Yes
A276: S106C282_01216_vs01_49_282-01_5 | B276: S106C282_01216_vs01_49 | C276: 0 | D276: 0 | E276: 0 | F276: 0 | G276: 711 | H276: 0 | I276: 0 | J276: 0 | K276: 0 | L276: 282-01_5 | M276: 12556454 | N276: Early | O276: control | P276: 11 | Q276: 9 | R276: 282-01 | S276: =D276/M276*1000000000 -> 0 | T276: S106C282_01216_vs01 | U276: =VLOOKUP(T276,Sheet2!$A$2:$B$622,2,FALSE) -> Yes
A277: S106C282_01216_vs01_49_282-01_6 | B277: S106C282_01216_vs01_49 | C277: 0 | D277: 0 | E277: 0 | F277: 0 | G277: 711 | H277: 0 | I277: 0 | J277: 0 | K277: 0 | L277: 282-01_6 | M277: 10236404 | N277: Early | O277: control | P277: 12 | Q277: 8 | R277: 282-01 | S277: =D277/M277*1000000000 -> 0 | T277: S106C282_01216_vs01 | U277: =VLOOKUP(T277,Sheet2!$A$2:$B$622,2,FALSE) -> Yes
A278: S106C282_01216_vs01_49_282-01_7 | B278: S106C282_01216_vs01_49 | C278: 0 | D278: 0 | E278: 0 | F278: 0 | G278: 711 | H278: 0 | I278: 0 | J278: 0 | K278: 0 | L278: 282-01_7 | M278: 11354864 | N278: Early | O278: control | P278: 14 | Q278: 6 | R278: 282-01 | S278: =D278/M278*1000000000 -> 0 | T278: S106C282_01216_vs01 | U278: =VLOOKUP(T278,Sheet2!$A$2:$B$622,2,FALSE) -> Yes
... A301: S106C282_01335_vs01_3_282-01_10 | B301: S106C282_01335_vs01_3 | C301: 14.677193 | D301: 14.455253 | E301: 704 | F301: 21.892094 | G301: 720 | H301: 74 | I301: 0.10277778 | J301: 1388888.9 | K301: 1000000 | L301: 282-01_10 | M301: 10804206 | N301: Early | O301: control | P301: 19 | Q301: 1 | R301: 282-01 | S301: =D301/M301*1000000000 -> 1337.9283 | T301: S106C282_01335_vs01 | U301: =VLOOKUP(T301,Sheet2!$A$2:$B$622,2,FALSE) -> Yes
A302: S106C282_01411_vs01_19_282-01_1 | B302: S106C282_01411_vs01_19 | C302: 0 | D302: 0 | E302: 0 | F302: 0 | G302: 732 | H302: 0 | I302: 0 | J302: 0 | K302: 0 | L302: 282-01_1 | M302: 12732898 | N302: Early | O302: control | P302: 1 | Q302: 19 | R302: 282-01 | S302: =D302/M302*1000000000 -> 0 | T302: S106C282_01411_vs01 | U302: No
A303: S106C282_01411_vs01_19_282-01_2 | B303: S106C282_01411_vs01_19 | C303: 0 | D303: 0 | E303: 0 | F303: 0 | G303: 732 | H303: 0 | I303: 0 | J303: 0 | K303: 0 | L303: 282-01_2 | M303: 9063052 | N303: Early | O303: control | P303: 8 | Q303: 12 | R303: 282-01 | S303: =D303/M303*1000000000 -> 0 | T303: S106C282_01411_vs01 | U303: No
A304: S106C282_01411_vs01_19_282-01_3 | B304: S106C282_01411_vs01_19 | C304: 0 | D304: 0 | E304: 0 | F304: 0 | G304: 732 | H304: 0 | I304: 0 | J304: 0 | K304: 0 | L304: 282-01_3 | M304: 11133458 | N304: Early | O304: control | P304: 9 | Q304: 11 | R304: 282-01 | S304: =D304/M304*1000000000 -> 0 | T304: S106C282_01411_vs01 | U304: No
A305: S106C282_01411_vs01_19_282-01_4 | B305: S106C282_01411_vs01_19 | C305: 0 | D305: 0 | E305: 0 | F305: 0 | G305: 732 | H305: 0 | I305: 0 | J305: 0 | K305: 0 | L305: 282-01_4 | M305: 12151782 | N305: Early | O305: control | P305: 10 | Q305: 10 | R305: 282-01 | S305: =D305/M305*1000000000 -> 0 | T305: S106C282_01411_vs01 | U305: No
A306: S106C282_01411_vs01_19_282-01_5 | B306: S106C282_01411_vs01_19 | C306: 0 | D306: 0 | E306: 0 | F306: 0 | G306: 732 | H306: 0 | I306: 0 | J306: 0 | K306: 0 | L306: 282-01_5 | M306: 12556454 | N306: Early | O306: control | P306: 11 | Q306: 9 | R306: 282-01 | S306: =D306/M306*1000000000 -> 0 | T306: S106C282_01411_vs01 | U306: No
A307: S106C282_01411_vs01_19_282-01_6 | B307: S106C282_01411_vs01_19 | C307: 0 | D307: 0 | E307: 0 | F307: 0 | G307: 732 | H307: 0 | I307: 0 | J307: 0 | K307: 0 | L307: 282-01_6 | M307: 10236404 | N307: Early | O307: control | P307: 12 | Q307: 8 | R307: 282-01 | S307: =D307/M307*1000000000 -> 0 | T307: S106C282_01411_vs01 | U307: No
A308: S106C282_01411_vs01_19_282-01_7 | B308: S106C282_01411_vs01_19 | C308: 47.810997 | D308: 47.580154 | E308: 732 | F308: 113.65786 | G308: 732 | H308: 227 | I308: 0.3101093 | J308: 1366120.1 | K308: 1000000 | L308: 282-01_7 | M308: 11354864 | N308: Early | O308: control | P308: 14 | Q308: 6 | R308: 282-01 | S308: =D308/M308*1000000000 -> 4190.2883 | T308: S106C282_01411_vs01 | U308: No
A309: S106C282_01411_vs01_19_282-01_8 | B309: S106C282_01411_vs01_19 | C309: 18.030928 | D309: 18.110687 | E309: 713 | F309: 15.916423 | G309: 732 | H309: 87 | I309: 0.11885246 | J309: 1366120.1 | K309: 1000000 | L309: 282-01_8 | M309: 9874474 | N309: Early | O309: control | P309: 15 | Q309: 5 | R309: 282-01 | S309: =D309/M309*1000000000 -> 1834.0913 | T309: S106C282_01411_vs01 | U309: No
A310: S106C282_01411_vs01_19_282-01_9 | B310: S106C282_01411_vs01_19 | C310: 0 | D310: 0 | E310: 0 | F310: 0 | G310: 732 | H310: 0 | I310: 0 | J310: 0 | K310: 0 | L310: 282-01_9 | M310: 11891270 | N310: Early | O310: control | P310: 17 | Q310: 3 | R310: 282-01 | S310: =D310/M310*1000000000 -> 0 | T310: S106C282_01411_vs01 | U310: No
A311: S106C282_01411_vs01_19_282-01_10 | B311: S106C282_01411_vs01_19 | C311: 2.709622 | D311: 2.582061 | E311: 468 | F311: 5.42156 | G311: 732 | H311: 12 | I311: 0.016393442 | J311: 1366120.3 | K311: 1000000 | L311: 282-01_10 | M311: 10804206 | N311: Early | O311: control | P311: 19 | Q311: 1 | R311: 282-01 | S311: =D311/M311*1000000000 -> 238.98665 | T311: S106C282_01411_vs01 | U311: No
A312: S108C292_0142_vs01_8_292-01_3 | B312: S108C292_0142_vs01_8 | C312: 0 | D312: 0 | E312: 0 | F312: 0 | G312: 711 | H312: 0 | I312: 0 | J312: 0 | K312: 0 | L312: 292-01_3 | M312: 10169702 | N312: Early | O312: control | P312: 9 | Q312: 14 | R312: 292-01 | S312: =D312/M312*1000000000 -> 0 | T312: S108C292_0142_vs01 | U312: =VLOOKUP(T312,Sheet2!$A$2:$B$622,2,FALSE) -> Yes
A313: S108C292_0142_vs01_8_292-01_4 | B313: S108C292_0142_vs01_8 | C313: 45.55615 | D313: 45.758415 | E313: 711 | F313: 102.79726 | G313: 711 | H313: 215 | I313: 0.302391 | J313: 1406469.8 | K313: 1000000 | L313: 292-01_4 | M313: 10911196 | N313: Early | O313: control | P313: 12 | Q313: 11 | R313: 292-01 | S313: =D313/M313*1000000000 -> 4193.7121 | T313: S108C292_0142_vs01 | U313: =VLOOKUP(T313,Sheet2!$A$2:$B$622,2,FALSE) -> Yes
A314: S108C292_0142_vs01_8_292-01_5 | B314: S108C292_0142_vs01_8 | C314: 0 | D314: 0 | E314: 0 | F314: 0 | G314: 711 | H314: 0 | I314: 0 | J314: 0 | K314: 0 | L314: 292-01_5 | M314: 10741512 | N314: Early | O314: control | P314: 16 | Q314: 7 | R314: 292-01 | S314: =D314/M314*1000000000 -> 0 | T314: S108C292_0142_vs01 | U314: =VLOOKUP(T314,Sheet2!$A$2:$B$622,2,FALSE) -> Yes
A315: S108C292_0142_vs01_8_292-01_6 | B315: S108C292_0142_vs01_8 | C315: 0 | D315: 0 | E315: 0 | F315: 0 | G315: 711 | H315: 0 | I315: 0 | J315: 0 | K315: 0 | L315: 292-01_6 | M315: 11166188 | N315: Early | O315: control | P315: 19 | Q315: 4 | R315: 292-01 | S315: =D315/M315*1000000000 -> 0 | T315: S108C292_0142_vs01 | U315: =VLOOKUP(T315,Sheet2!$A$2:$B$622,2,FALSE) -> Yes
A316: S108C292_0142_vs01_8_292-01_7 | B316: S108C292_0142_vs01_8 | C316: 0 | D316: 0 | E316: 0 | F316: 0 | G316: 711 | H316: 0 | I316: 0 | J316: 0 | K316: 0 | L316: 292-01_7 | M316: 11447336 | N316: Early | O316: control | P316: 20 | Q316: 3 | R316: 292-01 | S316: =D316/M316*1000000000 -> 0 | T316: S108C292_0142_vs01 | U316: =VLOOKUP(T316,Sheet2!$A$2:$B$622,2,FALSE) -> Yes
A317: S108C292_0142_vs01_8_292-01_8 | B317: S108C292_0142_vs01_8 | C317: 0 | D317: 0 | E317: 0 | F317: 0 | G317: 711 | H317: 0 | I317: 0 | J317: 0 | K317: 0 | L317: 292-01_8 | M317: 6843198 | N317: Early | O317: control | P317: 21 | Q317: 2 | R317: 292-01 | S317: =D317/M317*1000000000 -> 0 | T317: S108C292_0142_vs01 | U317: =VLOOKUP(T317,Sheet2!$A$2:$B$622,2,FALSE) -> Yes
A318: S108C292_0142_vs01_8_292-01_9 | B318: S108C292_0142_vs01_8 | C318: 0 | D318: 0 | E318: 0 | F318: 0 | G318: 711 | H318: 0 | I318: 0 | J318: 0 | K318: 0 | L318: 292-01_9 | M318: 9700586 | N318: Early | O318: control | P318: 22 | Q318: 1 | R318: 292-01 | S318: =D318/M318*1000000000 -> 0 | T318: S108C292_0142_vs01 | U318: =VLOOKUP(T318,Sheet2!$A$2:$B$622,2,FALSE) -> Yes
A319: S109C297_01111_vs01_39_297-01_1 | B319: S109C297_01111_vs01_39 | C319: 1745.0875 | D319: 1777.6473 | E319: 744 | F319: 106115.45 | G319: 744 | H319: 8169 | I319: 10.979838 | J319: 1344086 | K319: 1000000 | L319: 297-01_1 | M319: 8120568 | N319: Early | O319: case | P319: 15 | Q319: 17 | R319: 297-01 | S319: =D319/M319*1000000000 -> 218906.77 | T319: S109C297_01111_vs01 | U319: =VLOOKUP(T319,Sheet2!$A$2:$B$622,2,FALSE) -> Yes
A320: S109C297_01111_vs01_39_297-01_2 | B320: S109C297_01111_vs01_39 | C320: 1126.6616 | D320: 1141.3228 | E320: 744 | F320: 44483.1 | G320: 744 | H320: 5435 | I320: 7.3051076 | J320: 1344086 | K320: 1000000 | L320: 297-01_2 | M320: 10748612 | N320: Early | O320: case | P320: 16 | Q320: 16 | R320: 297-01 | S320: =D320/M320*1000000000 -> 106183.27 | T320: S109C297_01111_vs01 | U320: =VLOOKUP(T320,Sheet2!$A$2:$B$622,2,FALSE) -> Yes
A321: S109C297_01111_vs01_39_297-01_3 | B321: S109C297_01111_vs01_39 | C321: 1564.0084 | D321: 1583.4795 | E321: 744 | F321: 90071.85 | G321: 744 | H321: 8160 | I321: 10.967742 | J321: 1344086.1 | K321: 1000000 | L321: 297-01_3 | M321: 7684498 | N321: Early | O321: case | P321: 17 | Q321: 15 | R321: 297-01 | S321: =D321/M321*1000000000 -> 206061.54 | T321: S109C297_01111_vs01 | U321: =VLOOKUP(T321,Sheet2!$A$2:$B$622,2,FALSE) -> Yes
A322: S109C297_01111_vs01_39_297-01_4 | B322: S109C297_01111_vs01_39 | C322: 47.131313 | D322: 47.419777 | E322: 741 | F322: 71.68929 | G322: 744 | H322: 278 | I322: 0.37365592 | J322: 1344086.1 | K322: 1000000 | L322: 297-01_4 | M322: 5628738 | N322: Early | O322: case | P322: 18 | Q322: 14 | R322: 297-01 | S322: =D322/M322*1000000000 -> 8424.5842 | T322: S109C297_01111_vs01 | U322: =VLOOKUP(T322,Sheet2!$A$2:$B$622,2,FALSE) -> Yes
A323: S109C297_01111_vs01_39_297-01_5 | B323: S109C297_01111_vs01_39 | C323: 6.6060605 | D323: 6.552239 | E323: 608 | F323: 18.525831 | G323: 744 | H323: 29 | I323: 0.038978495 | J323: 1344085.9 | K323: 1000000 | L323: 297-01_5 | M323: 11462362 | N323: Early | O323: case | P323: 19 | Q323: 13 | R323: 297-01 | S323: =D323/M323*1000000000 -> 571.63079 | T323: S109C297_01111_vs01 | U323: =VLOOKUP(T323,Sheet2!$A$2:$B$622,2,FALSE) -> Yes
... A352: S109C297_01111_vs01_91_297-01_17 | B352: S109C297_01111_vs01_91 | C352: 139.47307 | D352: 139.15858 | E352: 744 | F352: 1821.4098 | G352: 744 | H352: 681 | I352: 0.9153226 | J352: 1344086 | K352: 1000000 | L352: 297-01_17 | M352: 8660392 | N352: Early | O352: case | P352: 32 | Q352: 0 | R352: 297-01 | S352: =D352/M352*1000000000 -> 16068.393 | T352: S109C297_01111_vs01 | U352: =VLOOKUP(T352,Sheet2!$A$2:$B$622,2,FALSE) -> Yes
A353: S109C297_01435_vs01_12_297-01_1 | B353: S109C297_01435_vs01_12 | C353: 168.72559 | D353: 153.39366 | E353: 744 | F353: 31916.635 | G353: 744 | H353: 969 | I353: 1.3024193 | J353: 1344086 | K353: 1000000 | L353: 297-01_1 | M353: 8120568 | N353: Early | O353: case | P353: 15 | Q353: 17 | R353: 297-01 | S353: =D353/M353*1000000000 -> 18889.523 | T353: S109C297_01435_vs01 | U353: No
A354: S109C297_01435_vs01_12_297-01_2 | B354: S109C297_01435_vs01_12 | C354: 237.73569 | D354: 230.87314 | E354: 744 | F354: 10364.212 | G354: 744 | H354: 1299 | I354: 1.7459677 | J354: 1344085.9 | K354: 1000000 | L354: 297-01_2 | M354: 10748612 | N354: Early | O354: case | P354: 16 | Q354: 16 | R354: 297-01 | S354: =D354/M354*1000000000 -> 21479.344 | T354: S109C297_01435_vs01 | U354: No
A355: S109C297_01435_vs01_12_297-01_3 | B355: S109C297_01435_vs01_12 | C355: 120.09428 | D355: 99.27052 | E355: 714 | F355: 43956.316 | G355: 744 | H355: 912 | I355: 1.2258065 | J355: 1344086 | K355: 1000000 | L355: 297-01_3 | M355: 7684498 | N355: Early | O355: case | P355: 17 | Q355: 15 | R355: 297-01 | S355: =D355/M355*1000000000 -> 12918.283 | T355: S109C297_01435_vs01 | U355: No
A356: S109C297_01435_vs01_12_297-01_4 | B356: S109C297_01435_vs01_12 | C356: 4.154882 | D356: 3.2966418 | E356: 390 | F356: 60.235664 | G356: 744 | H356: 32 | I356: 0.043010753 | J356: 1344086 | K356: 1000000 | L356: 297-01_4 | M356: 5628738 | N356: Early | O356: case | P356: 18 | Q356: 14 | R356: 297-01 | S356: =D356/M356*1000000000 -> 585.68045 | T356: S109C297_01435_vs01 | U356: No
A357: S109C297_01435_vs01_12_297-01_5 | B357: S109C297_01435_vs01_12 | C357: 0 | D357: 0 | E357: 0 | F357: 0 | G357: 744 | H357: 0 | I357: 0 | J357: 0 | K357: 0 | L357: 297-01_5 | M357: 11462362 | N357: Early | O357: case | P357: 19 | Q357: 13 | R357: 297-01 | S357: =D357/M357*1000000000 -> 0 | T357: S109C297_01435_vs01 | U357: No
A358: S109C297_01435_vs01_12_297-01_6 | B358: S109C297_01435_vs01_12 | C358: 0.28282827 | D358: 0.20895523 | E358: 89 | F358: 0.48648375 | G358: 744 | H358: 2 | I358: 0.002688172 | J358: 1344086 | K358: 1000000 | L358: 297-01_6 | M358: 7924512 | N358: Early | O358: case | P358: 20 | Q358: 12 | R358: 297-01 | S358: =D358/M358*1000000000 -> 26.368214 | T358: S109C297_01435_vs01 | U358: No
A359: S109C297_01435_vs01_12_297-01_7 | B359: S109C297_01435_vs01_12 | C359: 0 | D359: 0 | E359: 0 | F359: 0 | G359: 744 | H359: 0 | I359: 0 | J359: 0 | K359: 0 | L359: 297-01_7 | M359: 12894256 | N359: Early | O359: case | P359: 22 | Q359: 10 | R359: 297-01 | S359: =D359/M359*1000000000 -> 0 | T359: S109C297_01435_vs01 | U359: No
A360: S109C297_01435_vs01_12_297-01_8 | B360: S109C297_01435_vs01_12 | C360: 0 | D360: 0 | E360: 0 | F360: 0 | G360: 744 | H360: 0 | I360: 0 | J360: 0 | K360: 0 | L360: 297-01_8 | M360: 9058686 | N360: Early | O360: case | P360: 23 | Q360: 9 | R360: 297-01 | S360: =D360/M360*1000000000 -> 0 | T360: S109C297_01435_vs01 | U360: No
A361: S109C297_01435_vs01_12_297-01_9 | B361: S109C297_01435_vs01_12 | C361: 0 | D361: 0 | E361: 0 | F361: 0 | G361: 744 | H361: 0 | I361: 0 | J361: 0 | K361: 0 | L361: 297-01_9 | M361: 9997376 | N361: Early | O361: case | P361: 24 | Q361: 8 | R361: 297-01 | S361: =D361/M361*1000000000 -> 0 | T361: S109C297_01435_vs01 | U361: No
A362: S109C297_01435_vs01_12_297-01_10 | B362: S109C297_01435_vs01_12 | C362: 0.7104377 | D362: 0.6828358 | E362: 363 | F362: 0.62764806 | G362: 744 | H362: 4 | I362: 0.005376344 | J362: 1344086 | K362: 1000000 | L362: 297-01_10 | M362: 9071438 | N362: Early | O362: case | P362: 25 | Q362: 7 | R362: 297-01 | S362: =D362/M362*1000000000 -> 75.27316 | T362: S109C297_01435_vs01 | U362: No
A363: S109C297_01435_vs01_12_297-01_11 | B363: S109C297_01435_vs01_12 | C363: 0 | D363: 0 | E363: 0 | F363: 0 | G363: 744 | H363: 0 | I363: 0 | J363: 0 | K363: 0 | L363: 297-01_11 | M363: 9912414 | N363: Early | O363: case | P363: 26 | Q363: 6 | R363: 297-01 | S363: =D363/M363*1000000000 -> 0 | T363: S109C297_01435_vs01 | U363: No
A364: S109C297_01435_vs01_12_297-01_12 | B364: S109C297_01435_vs01_12 | C364: 0 | D364: 0 | E364: 0 | F364: 0 | G364: 744 | H364: 0 | I364: 0 | J364: 0 | K364: 0 | L364: 297-01_12 | M364: 10997586 | N364: Early | O364: case | P364: 27 | Q364: 5 | R364: 297-01 | S364: =D364/M364*1000000000 -> 0 | T364: S109C297_01435_vs01 | U364: No
... A401: S116C343_0123_vs02_55_343-01_13 | B401: S116C343_0123_vs02_55 | C401: 124.78451 | D401: 125.93843 | E401: 742 | F401: 992.0683 | G401: 744 | H401: 611 | I401: 0.82123655 | J401: 1344086 | K401: 1000000 | L401: 343-01_13 | M401: 10283574 | N401: Early | O401: control | P401: 22 | Q401: 0 | R401: 343-01 | S401: =D401/M401*1000000000 -> 12246.562 | T401: S116C343_0123_vs02 | U401: No
A402: S117C352_01244_vs01_fragment_1_12_352-01_1 | B402: S117C352_01244_vs01_fragment_1_12 | C402: 67.842735 | D402: 67.62429 | E402: 735 | F402: 248.37592 | G402: 735 | H402: 335 | I402: 0.45578232 | J402: 1360544.3 | K402: 1000000 | L402: 352-01_1 | M402: 8290106 | N402: Late | O402: control | P402: 29 | Q402: 27 | R402: 352-01 | S402: =D402/M402*1000000000 -> 8157.2286 | T402: S117C352_01244_vs01 | U402: =VLOOKUP(T402,Sheet2!$A$2:$B$622,2,FALSE) -> Yes
A403: S117C352_01244_vs01_fragment_1_12_352-01_2 | B403: S117C352_01244_vs01_fragment_1_12 | C403: 95.411964 | D403: 95.67742 | E403: 734 | F403: 303.94467 | G403: 735 | H403: 488 | I403: 0.66394556 | J403: 1360544.3 | K403: 1000000 | L403: 352-01_2 | M403: 10729574 | N403: Late | O403: control | P403: 30 | Q403: 26 | R403: 352-01 | S403: =D403/M403*1000000000 -> 8917.1686 | T403: S117C352_01244_vs01 | U403: =VLOOKUP(T403,Sheet2!$A$2:$B$622,2,FALSE) -> Yes
A404: S117C352_01244_vs01_fragment_1_12_352-01_3 | B404: S117C352_01244_vs01_fragment_1_12 | C404: 4.080342 | D404: 4.0094876 | E404: 677 | F404: 5.6288075 | G404: 735 | H404: 21 | I404: 0.028571429 | J404: 1360544.3 | K404: 1000000 | L404: 352-01_3 | M404: 12766976 | N404: Late | O404: control | P404: 34 | Q404: 22 | R404: 352-01 | S404: =D404/M404*1000000000 -> 314.05147 | T404: S117C352_01244_vs01 | U404: =VLOOKUP(T404,Sheet2!$A$2:$B$622,2,FALSE) -> Yes
A405: S117C352_01244_vs01_fragment_1_12_352-01_4 | B405: S117C352_01244_vs01_fragment_1_12 | C405: 0.6974359 | D405: 0.6679317 | E405: 306 | F405: 0.6428873 | G405: 735 | H405: 3 | I405: 0.0040816325 | J405: 1360544.3 | K405: 1000000 | L405: 352-01_4 | M405: 7773702 | N405: Late | O405: control | P405: 35 | Q405: 21 | R405: 352-01 | S405: =D405/M405*1000000000 -> 85.921958 | T405: S117C352_01244_vs01 | U405: =VLOOKUP(T405,Sheet2!$A$2:$B$622,2,FALSE) -> Yes
A406: S117C352_01244_vs01_fragment_1_12_352-01_5 | B406: S117C352_01244_vs01_fragment_1_12 | C406: 5.0564103 | D406: 4.9753323 | E406: 708 | F406: 3.9916759 | G406: 735 | H406: 23 | I406: 0.031292517 | J406: 1360544.3 | K406: 1000000 | L406: 352-01_5 | M406: 9705042 | N406: Late | O406: control | P406: 36 | Q406: 20 | R406: 352-01 | S406: =D406/M406*1000000000 -> 512.65438 | T406: S117C352_01244_vs01 | U406: =VLOOKUP(T406,Sheet2!$A$2:$B$622,2,FALSE) -> Yes
A407: S117C352_01244_vs01_fragment_1_12_352-01_6 | B407: S117C352_01244_vs01_fragment_1_12 | C407: 1.5230769 | D407: 1.4250474 | E407: 402 | F407: 2.325237 | G407: 735 | H407: 8 | I407: 0.010884354 | J407: 1360544.3 | K407: 1000000 | L407: 352-01_6 | M407: 13916214 | N407: Late | O407: control | P407: 37 | Q407: 19 | R407: 352-01 | S407: =D407/M407*1000000000 -> 102.40195 | T407: S117C352_01244_vs01 | U407: =VLOOKUP(T407,Sheet2!$A$2:$B$622,2,FALSE) -> Yes
A408: S117C352_01244_vs01_fragment_1_12_352-01_7 | B408: S117C352_01244_vs01_fragment_1_12 | C408: 1.3982906 | D408: 1.341556 | E408: 382 | F408: 1.5037642 | G408: 735 | H408: 6 | I408: 0.008163265 | J408: 1360544.3 | K408: 1000000 | L408: 352-01_7 | M408: 20546938 | N408: Late | O408: control | P408: 38 | Q408: 18 | R408: 352-01 | S408: =D408/M408*1000000000 -> 65.292259 | T408: S117C352_01244_vs01 | U408: =VLOOKUP(T408,Sheet2!$A$2:$B$622,2,FALSE) -> Yes
A409: S117C352_01244_vs01_fragment_1_12_352-01_8 | B409: S117C352_01244_vs01_fragment_1_12 | C409: 0 | D409: 0 | E409: 0 | F409: 0 | G409: 735 | H409: 0 | I409: 0 | J409: 0 | K409: 0 | L409: 352-01_8 | M409: 5613036 | N409: Late | O409: control | P409: 39 | Q409: 17 | R409: 352-01 | S409: =D409/M409*1000000000 -> 0 | T409: S117C352_01244_vs01 | U409: =VLOOKUP(T409,Sheet2!$A$2:$B$622,2,FALSE) -> Yes
A410: S117C352_01244_vs01_fragment_1_12_352-01_9 | B410: S117C352_01244_vs01_fragment_1_12 | C410: 1.8034188 | D410: 1.7248577 | E410: 351 | F410: 3.552043 | G410: 735 | H410: 12 | I410: 0.01632653 | J410: 1360544.3 | K410: 1000000 | L410: 352-01_9 | M410: 6385456 | N410: Late | O410: control | P410: 40 | Q410: 16 | R410: 352-01 | S410: =D410/M410*1000000000 -> 270.12287 | T410: S117C352_01244_vs01 | U410: =VLOOKUP(T410,Sheet2!$A$2:$B$622,2,FALSE) -> Yes
A411: S117C352_01244_vs01_fragment_1_12_352-01_10 | B411: S117C352_01244_vs01_fragment_1_12 | C411: 0 | D411: 0 | E411: 0 | F411: 0 | G411: 735 | H411: 0 | I411: 0 | J411: 0 | K411: 0 | L411: 352-01_10 | M411: 16650678 | N411: Late | O411: control | P411: 41 | Q411: 15 | R411: 352-01 | S411: =D411/M411*1000000000 -> 0 | T411: S117C352_01244_vs01 | U411: =VLOOKUP(T411,Sheet2!$A$2:$B$622,2,FALSE) -> Yes
A412: S117C352_01244_vs01_fragment_1_12_352-01_11 | B412: S117C352_01244_vs01_fragment_1_12 | C412: 15.271795 | D412: 15.258064 | E412: 713 | F412: 22.273605 | G412: 735 | H412: 76 | I412: 0.10340136 | J412: 1360544.3 | K412: 1000000 | L412: 352-01_11 | M412: 9881912 | N412: Late | O412: control | P412: 42 | Q412: 14 | R412: 352-01 | S412: =D412/M412*1000000000 -> 1544.0397 | T412: S117C352_01244_vs01 | U412: =VLOOKUP(T412,Sheet2!$A$2:$B$622,2,FALSE) -> Yes
A413: S117C352_01244_vs01_fragment_1_12_352-01_12 | B413: S117C352_01244_vs01_fragment_1_12 | C413: 13.102564 | D413: 13.125237 | E413: 670 | F413: 18.849054 | G413: 735 | H413: 65 | I413: 0.088435374 | J413: 1360544.3 | K413: 1000000 | L413: 352-01_12 | M413: 5910924 | N413: Late | O413: control | P413: 43 | Q413: 13 | R413: 352-01 | S413: =D413/M413*1000000000 -> 2220.5051 | T413: S117C352_01244_vs01 | U413: =VLOOKUP(T413,Sheet2!$A$2:$B$622,2,FALSE) -> Yes
... A495: S118C354_01341_vs01_10_354-01_22 | B495: S118C354_01341_vs01_10 | C495: 399.32492 | D495: 405.27426 | E495: 744 | F495: 2302.29 | G495: 744 | H495: 2043 | I495: 2.7459676 | J495: 1344086 | K495: 1000000 | L495: 354-01_22 | M495: 9716800 | N495: Late | O495: case | P495: 56 | Q495: 1 | R495: 354-01 | S495: =D495/M495*1000000000 -> 41708.614 | T495: S118C354_01341_vs01 | U495: =VLOOKUP(T495,Sheet2!$A$2:$B$622,2,FALSE) -> Yes
A496: S118C354_015053_vs01_15_354-01_4 | B496: S118C354_015053_vs01_15 | C496: 0 | D496: 0 | E496: 0 | F496: 0 | G496: 744 | H496: 0 | I496: 0 | J496: 0 | K496: 0 | L496: 354-01_4 | M496: 6555658 | N496: Late | O496: case | P496: 29 | Q496: 28 | R496: 354-01 | S496: =D496/M496*1000000000 -> 0 | T496: S118C354_015053_vs01 | U496: No
A497: S118C354_015053_vs01_15_354-01_6 | B497: S118C354_015053_vs01_15 | C497: 0 | D497: 0 | E497: 0 | F497: 0 | G497: 744 | H497: 0 | I497: 0 | J497: 0 | K497: 0 | L497: 354-01_6 | M497: 5213158 | N497: Late | O497: case | P497: 32 | Q497: 25 | R497: 354-01 | S497: =D497/M497*1000000000 -> 0 | T497: S118C354_015053_vs01 | U497: No
A498: S118C354_015053_vs01_15_354-01_7 | B498: S118C354_015053_vs01_15 | C498: 0 | D498: 0 | E498: 0 | F498: 0 | G498: 744 | H498: 0 | I498: 0 | J498: 0 | K498: 0 | L498: 354-01_7 | M498: 7396746 | N498: Late | O498: case | P498: 36 | Q498: 21 | R498: 354-01 | S498: =D498/M498*1000000000 -> 0 | T498: S118C354_015053_vs01 | U498: No
A499: S118C354_015053_vs01_15_354-01_8 | B499: S118C354_015053_vs01_15 | C499: 0 | D499: 0 | E499: 0 | F499: 0 | G499: 744 | H499: 0 | I499: 0 | J499: 0 | K499: 0 | L499: 354-01_8 | M499: 11810878 | N499: Late | O499: case | P499: 38 | Q499: 19 | R499: 354-01 | S499: =D499/M499*1000000000 -> 0 | T499: S118C354_015053_vs01 | U499: No
A500: S118C354_015053_vs01_15_354-01_9 | B500: S118C354_015053_vs01_15 | C500: 0 | D500: 0 | E500: 0 | F500: 0 | G500: 744 | H500: 0 | I500: 0 | J500: 0 | K500: 0 | L500: 354-01_9 | M500: 11884236 | N500: Late | O500: case | P500: 39 | Q500: 18 | R500: 354-01 | S500: =D500/M500*1000000000 -> 0 | T500: S118C354_015053_vs01 | U500: No
A501: S118C354_015053_vs01_15_354-01_10 | B501: S118C354_015053_vs01_15 | C501: 0 | D501: 0 | E501: 0 | F501: 0 | G501: 744 | H501: 0 | I501: 0 | J501: 0 | K501: 0 | L501: 354-01_10 | M501: 12069132 | N501: Late | O501: case | P501: 40 | Q501: 17 | R501: 354-01 | S501: =D501/M501*1000000000 -> 0 | T501: S118C354_015053_vs01 | U501: No
A502: S118C354_015053_vs01_15_354-01_11 | B502: S118C354_015053_vs01_15 | C502: 0 | D502: 0 | E502: 0 | F502: 0 | G502: 744 | H502: 0 | I502: 0 | J502: 0 | K502: 0 | L502: 354-01_11 | M502: 11136540 | N502: Late | O502: case | P502: 41 | Q502: 16 | R502: 354-01 | S502: =D502/M502*1000000000 -> 0 | T502: S118C354_015053_vs01 | U502: No
A503: S118C354_015053_vs01_15_354-01_12 | B503: S118C354_015053_vs01_15 | C503: 0.18013468 | D503: 0.14738806 | E503: 107 | F503: 0.14793523 | G503: 744 | H503: 1 | I503: 0.001344086 | J503: 1344086 | K503: 1000000 | L503: 354-01_12 | M503: 10733760 | N503: Late | O503: case | P503: 43 | Q503: 14 | R503: 354-01 | S503: =D503/M503*1000000000 -> 13.731261 | T503: S118C354_015053_vs01 | U503: No
A504: S118C354_015053_vs01_15_354-01_13 | B504: S118C354_015053_vs01_15 | C504: 6.563973 | D504: 6.475746 | E504: 661 | F504: 7.1299634 | G504: 744 | H504: 34 | I504: 0.045698926 | J504: 1344086 | K504: 1000000 | L504: 354-01_13 | M504: 12269298 | N504: Late | O504: case | P504: 44 | Q504: 13 | R504: 354-01 | S504: =D504/M504*1000000000 -> 527.80086 | T504: S118C354_015053_vs01 | U504: No
A505: S118C354_015053_vs01_15_354-01_14 | B505: S118C354_015053_vs01_15 | C505: 170.40236 | D505: 170.95895 | E505: 743 | F505: 2378.8945 | G505: 744 | H505: 860 | I505: 1.155914 | J505: 1344086 | K505: 1000000 | L505: 354-01_14 | M505: 10793264 | N505: Late | O505: case | P505: 45 | Q505: 12 | R505: 354-01 | S505: =D505/M505*1000000000 -> 15839.412 | T505: S118C354_015053_vs01 | U505: No
A506: S118C354_015053_vs01_15_354-01_15 | B506: S118C354_015053_vs01_15 | C506: 229.32828 | D506: 228.29291 | E506: 743 | F506: 4432.44 | G506: 744 | H506: 1194 | I506: 1.6048387 | J506: 1344086 | K506: 1000000 | L506: 354-01_15 | M506: 7813728 | N506: Late | O506: case | P506: 46 | Q506: 11 | R506: 354-01 | S506: =D506/M506*1000000000 -> 29216.9 | T506: S118C354_015053_vs01 | U506: No
...

Sheet Sheet1
A1: SampleID | B1: NEC_onset2 | C1: NEC_status | D1: DOL | E1: Days_before_NEC_onset | F1: Patient
A2: 1003_01_10 | B2: Late | C2: case | D2: 19 | E2: 49 | F2: 1003-01
A3: 1003_01_11 | B3: Late | C3: case | D3: 20 | E3: 48 | F3: 1003-01
A4: 1003_01_12 | B4: Late | C4: case | D4: 21 | E4: 47 | F4: 1003-01
A5: 1003_01_13 | B5: Late | C5: case | D5: 22 | E5: 46 | F5: 1003-01
A6: 1003_01_14 | B6: Late | C6: case | D6: 25 | E6: 43 | F6: 1003-01
A7: 1003_01_15 | B7: Late | C7: case | D7: 26 | E7: 42 | F7: 1003-01
A8: 1003_01_16 | B8: Late | C8: case | D8: 27 | E8: 41 | F8: 1003-01
A9: 1003_01_17 | B9: Late | C9: case | D9: 28 | E9: 40 | F9: 1003-01
A10: 1003_01_18 | B10: Late | C10: case | D10: 29 | E10: 39 | F10: 1003-01
A11: 1003_01_19 | B11: Late | C11: case | D11: 30 | E11: 38 | F11: 1003-01
A12: 1003_01_2 | B12: Late | C12: case | D12: 9 | E12: 59 | F12: 1003-01
A13: 1003_01_20 | B13: Late | C13: case | D13: 31 | E13: 37 | F13: 1003-01
... A1826: 95_01_4 | B1826: Early | C1826: case | D1826: 13 | E1826: 7 | F1826: 95-01

Sheet Sheet2
A1: Contig | B1: 9ImpVir
A2: S1C1003_01249_vs01 | B2: Yes
A3: S22C131_01414_vs01 | B3: Yes
A4: S51C2050_012192_vs01 | B4: Yes
A5: S68C2146_01267_vs01 | B5: Yes
A6: S72C2166_01630_vs01 | B6: Yes
A7: S106C282_01237_vs01 | B7: Yes
A8: S124C383_01872_vs01 | B8: Yes
A9: S128C399_01195_vs01 | B9: Yes
A10: S131C410_011685_vs01 | B10: Yes
A11: S131C410_014857_vs01 | B11: Yes
A12: S139C52_011224_vs01 | B12: Yes
... A622: S80C2199_021410_vs01 | B622: Yes
